transaction_id,account_id,amount,type,channel,currency,timestamp
1,143,8801.67,Debit,Online,ILS,2025-05-26 13:05:08
2,126,7202.15,Credit,Mobile,EUR,2025-04-14 16:35:08
3,5,4910.76,Debit,Branch,ILS,2025-05-27 12:22:08
4,79,6919.41,Transfer,Mobile,EUR,2025-04-29 12:45:08
5,141,3440.86,Transfer,Branch,EUR,2025-05-11 01:08:08
6,65,2712.81,Credit,ATM,EUR,2025-05-04 00:33:08
7,138,3158.9,Credit,Online,ILS,2025-04-10 06:02:08
8,135,4844.56,Transfer,ATM,ILS,2025-05-29 22:50:08
9,46,2278.69,Transfer,ATM,EUR,2025-04-19 16:29:08
10,12,1270.2,Debit,Branch,EUR,2025-05-11 08:10:08
11,126,1267.16,Debit,ATM,EUR,2025-06-17 15:43:08
12,113,4696.62,Transfer,Online,ILS,2025-04-18 14:28:08
13,123,9410.93,Debit,ATM,USD,2025-04-15 16:52:08
14,14,745.45,Credit,Online,EUR,2025-05-07 11:34:08
15,64,3041.84,Debit,Mobile,EUR,2025-06-18 02:43:08
16,58,7908.45,Wire,Mobile,USD,2025-05-16 23:35:08
17,110,8602.37,Transfer,ATM,EUR,2025-04-19 18:54:08
18,54,7402.19,Credit,Branch,EUR,2025-06-19 02:43:08
19,45,1574.79,Debit,Online,ILS,2025-03-31 02:41:08
20,121,4507.78,Transfer,ATM,ILS,2025-04-29 21:45:08
21,117,7071.02,Debit,Online,USD,2025-04-18 22:42:08
22,51,7913.52,Wire,ATM,EUR,2025-06-03 10:22:08
23,69,6478.11,Credit,ATM,ILS,2025-04-13 04:26:08
24,146,7927.32,Transfer,Mobile,ILS,2025-04-07 19:47:08
25,104,6888.34,Transfer,Mobile,USD,2025-05-05 09:13:08
26,111,5982.38,Transfer,Branch,ILS,2025-03-31 01:03:08
27,148,2293.1,Debit,Branch,EUR,2025-04-01 00:50:08
28,45,7632.27,Wire,Mobile,USD,2025-03-27 09:13:08
29,112,9969.47,Wire,ATM,USD,2025-04-09 05:48:08
30,83,4086.44,Debit,Online,USD,2025-04-24 09:27:08
31,74,6938.27,Wire,ATM,USD,2025-04-30 04:35:08
32,83,3148.6,Debit,Mobile,EUR,2025-03-31 17:42:08
33,139,9881.25,Wire,Mobile,ILS,2025-06-06 19:24:08
34,128,5186.8,Wire,ATM,ILS,2025-04-09 19:06:08
35,74,5494.45,Wire,Mobile,ILS,2025-04-17 00:43:08
36,62,9731.6,Credit,Branch,EUR,2025-03-26 08:23:08
37,24,5524.75,Credit,ATM,USD,2025-03-24 23:12:08
38,40,1179.07,Wire,Branch,EUR,2025-06-17 22:13:08
39,124,2737.88,Wire,Online,USD,2025-05-26 22:19:08
40,49,1450.7,Credit,ATM,USD,2025-05-12 21:35:08
41,107,7901.11,Transfer,Branch,ILS,2025-06-02 01:16:08
42,149,7261.88,Wire,Online,USD,2025-04-18 11:12:08
43,86,4845.99,Wire,Mobile,USD,2025-05-11 17:52:08
44,62,1890.58,Wire,Online,USD,2025-06-10 21:00:08
45,122,3185.17,Wire,Mobile,EUR,2025-03-27 16:40:08
46,39,8208.37,Wire,ATM,ILS,2025-06-03 20:20:08
47,85,9653.71,Debit,Mobile,ILS,2025-05-08 10:36:08
48,4,9104.86,Credit,Mobile,EUR,2025-05-10 14:17:08
49,121,1547.84,Transfer,Branch,EUR,2025-06-20 00:14:08
50,21,3977.85,Transfer,Mobile,USD,2025-05-25 18:34:08
51,125,7188.58,Debit,ATM,ILS,2025-05-19 18:35:08
52,74,6845.57,Credit,ATM,USD,2025-05-20 04:07:08
53,26,988.94,Wire,Online,EUR,2025-06-20 18:32:08
54,12,9034.72,Transfer,ATM,USD,2025-04-19 23:31:08
55,38,3751.54,Credit,Mobile,EUR,2025-04-25 08:24:08
56,44,7926.23,Credit,ATM,EUR,2025-05-24 18:44:08
57,62,3828.53,Wire,Online,ILS,2025-06-10 23:42:08
58,118,6380.86,Transfer,ATM,USD,2025-05-04 16:43:08
59,140,2879.88,Credit,ATM,USD,2025-06-13 18:03:08
60,77,3458.93,Wire,Branch,USD,2025-06-17 18:13:08
61,99,3024.71,Wire,ATM,ILS,2025-06-08 15:55:08
62,148,5721.37,Transfer,Branch,ILS,2025-04-27 10:26:08
63,102,8301.23,Transfer,ATM,EUR,2025-06-20 17:41:08
64,13,6859.57,Wire,Branch,ILS,2025-06-10 11:06:08
65,57,8020.31,Credit,Branch,EUR,2025-05-17 23:29:08
66,36,7210.68,Debit,ATM,USD,2025-05-31 11:55:08
67,149,4411.03,Transfer,Online,ILS,2025-06-03 12:04:08
68,107,2954.63,Credit,Online,ILS,2025-06-14 12:26:08
69,94,5396.38,Transfer,Online,USD,2025-06-03 07:29:08
70,124,8247.77,Transfer,Branch,ILS,2025-06-14 22:06:08
71,37,9629.12,Credit,Mobile,EUR,2025-05-05 08:25:08
72,102,907.58,Debit,Branch,EUR,2025-04-26 00:22:08
73,68,4550.59,Wire,Branch,ILS,2025-04-03 23:19:08
74,7,2342.05,Transfer,Online,EUR,2025-05-24 03:32:08
75,119,6355.86,Transfer,Mobile,ILS,2025-03-29 11:25:08
76,10,458.24,Transfer,Mobile,ILS,2025-04-05 10:40:08
77,138,2351.83,Credit,Mobile,USD,2025-04-01 13:39:08
78,139,6706.51,Wire,Online,USD,2025-04-26 11:49:08
79,126,994.72,Wire,Branch,ILS,2025-05-22 08:01:08
80,114,3708.45,Wire,Online,USD,2025-05-25 13:16:08
81,95,9809.37,Transfer,ATM,USD,2025-04-01 18:22:08
82,32,1902.14,Wire,ATM,EUR,2025-04-17 20:00:08
83,6,6418.84,Debit,Branch,ILS,2025-04-12 00:41:08
84,53,7870.85,Debit,Online,EUR,2025-04-04 04:25:08
85,60,8131.46,Transfer,Online,EUR,2025-04-12 09:05:08
86,38,2776.36,Credit,Branch,ILS,2025-03-23 23:31:08
87,7,6612.27,Credit,ATM,USD,2025-04-02 17:28:08
88,83,7885.37,Debit,Online,USD,2025-06-03 15:04:08
89,108,1271.95,Debit,ATM,USD,2025-03-28 11:48:08
90,132,7781.28,Debit,Mobile,EUR,2025-05-03 12:36:08
91,12,9454.43,Transfer,Mobile,EUR,2025-04-12 21:18:08
92,123,316.35,Wire,Mobile,EUR,2025-06-19 11:16:08
93,114,4905.24,Debit,ATM,USD,2025-04-02 13:10:08
94,33,1487.6,Transfer,Branch,USD,2025-05-18 02:10:08
95,117,5307.92,Wire,ATM,EUR,2025-05-17 02:21:08
96,142,8528.66,Credit,Mobile,USD,2025-04-03 03:16:08
97,87,2288.79,Wire,Mobile,USD,2025-06-12 13:23:08
98,110,955.38,Transfer,Branch,USD,2025-05-29 03:11:08
99,122,1530.63,Debit,ATM,ILS,2025-06-18 12:29:08
100,96,4321.61,Credit,ATM,EUR,2025-04-01 04:59:08
101,85,5618.06,Debit,Mobile,USD,2025-06-18 19:06:08
102,109,6655.08,Debit,Branch,EUR,2025-06-11 05:45:08
103,148,3519.7,Credit,Online,EUR,2025-04-21 03:53:08
104,28,2246.33,Transfer,Branch,ILS,2025-05-06 14:41:08
105,58,2789.29,Wire,ATM,EUR,2025-06-01 03:16:08
106,69,6580.02,Debit,Online,USD,2025-06-16 06:56:08
107,87,7625.28,Transfer,ATM,ILS,2025-05-26 16:24:08
108,103,1436.8,Debit,Online,EUR,2025-06-10 21:34:08
109,24,9718.24,Credit,Mobile,USD,2025-05-20 08:31:08
110,95,3412.26,Transfer,Branch,EUR,2025-05-04 00:20:08
111,14,854.15,Credit,Online,EUR,2025-05-16 23:48:08
112,70,6741.32,Wire,Mobile,USD,2025-03-28 06:02:08
113,70,4423.23,Credit,ATM,USD,2025-05-17 23:30:08
114,125,1113.34,Transfer,ATM,ILS,2025-05-01 20:29:08
115,15,9844.53,Debit,Online,USD,2025-04-28 16:47:08
116,36,2116.28,Transfer,Branch,USD,2025-06-17 18:25:08
117,111,82.26,Credit,Online,USD,2025-04-03 15:26:08
118,129,7038.19,Transfer,ATM,USD,2025-05-11 04:46:08
119,112,7421.7,Debit,Mobile,ILS,2025-06-10 03:53:08
120,110,3134.04,Wire,Mobile,USD,2025-06-10 04:38:08
121,84,4053.3,Credit,Mobile,EUR,2025-04-03 04:56:08
122,112,3621.72,Debit,Online,USD,2025-06-15 10:36:08
123,21,4007.5,Wire,Branch,EUR,2025-05-16 07:44:08
124,44,2219.61,Debit,ATM,EUR,2025-04-23 15:00:08
125,90,1943.07,Transfer,Online,ILS,2025-05-09 03:20:08
126,51,1468.71,Credit,Online,EUR,2025-04-02 01:54:08
127,127,1775.58,Wire,Mobile,EUR,2025-03-30 13:56:08
128,83,8821.07,Transfer,Online,USD,2025-06-15 20:10:08
129,78,4691.87,Transfer,ATM,USD,2025-03-29 22:30:08
130,119,746.54,Wire,ATM,ILS,2025-05-08 21:37:08
131,20,8317.81,Debit,Mobile,USD,2025-04-26 06:51:08
132,11,5545.39,Wire,Online,USD,2025-05-15 13:04:08
133,39,4758.91,Debit,Mobile,ILS,2025-05-17 18:59:08
134,88,8991.77,Debit,Online,ILS,2025-06-05 12:55:08
135,113,7077.68,Credit,Branch,USD,2025-04-15 06:32:08
136,105,2832.52,Transfer,ATM,EUR,2025-06-15 06:35:08
137,85,3349.82,Debit,Mobile,USD,2025-05-21 15:23:08
138,39,7238.72,Transfer,ATM,EUR,2025-04-15 15:49:08
139,90,1418.58,Transfer,Mobile,ILS,2025-05-23 03:00:08
140,22,7089.8,Transfer,Mobile,EUR,2025-05-16 21:13:08
141,33,3288.12,Debit,Mobile,EUR,2025-06-03 18:44:08
142,80,187.21,Credit,Online,USD,2025-04-25 15:45:08
143,50,7662.73,Credit,Online,ILS,2025-06-17 23:32:08
144,26,2961.44,Debit,Branch,EUR,2025-03-30 17:54:08
145,40,5974.48,Credit,Online,EUR,2025-04-04 15:36:08
146,43,6249.28,Wire,ATM,USD,2025-06-01 21:49:08
147,61,6765.25,Wire,Branch,EUR,2025-04-25 21:09:08
148,137,4492.03,Credit,Branch,USD,2025-06-03 01:34:08
149,95,8351.96,Wire,Mobile,USD,2025-06-14 00:05:08
150,136,3821.81,Wire,Online,ILS,2025-06-02 13:10:08
151,65,6048.61,Debit,Mobile,USD,2025-06-04 15:42:08
152,133,9343.26,Debit,Branch,ILS,2025-05-13 04:44:08
153,116,1607.32,Credit,Mobile,ILS,2025-06-01 04:23:08
154,116,9105.5,Transfer,ATM,USD,2025-06-17 20:48:08
155,96,3967.56,Credit,Mobile,ILS,2025-03-28 13:40:08
156,82,2249.26,Debit,Branch,ILS,2025-04-26 20:20:08
157,121,387.84,Credit,Mobile,USD,2025-04-05 05:55:08
158,21,57.49,Debit,Branch,ILS,2025-05-18 17:34:08
159,136,1499.45,Wire,ATM,USD,2025-06-07 17:20:08
160,13,3015.01,Credit,Mobile,EUR,2025-04-14 08:27:08
161,17,6229.99,Debit,Mobile,EUR,2025-06-03 23:37:08
162,132,169.27,Credit,Online,USD,2025-05-11 12:21:08
163,91,20.64,Credit,Mobile,ILS,2025-05-01 19:01:08
164,135,6683.81,Transfer,ATM,EUR,2025-05-23 04:40:08
165,130,5075.74,Debit,Mobile,USD,2025-05-12 05:53:08
166,96,6358.53,Transfer,ATM,USD,2025-03-27 16:26:08
167,62,680.26,Debit,Branch,ILS,2025-06-03 11:52:08
168,87,3526.23,Credit,Mobile,EUR,2025-03-27 18:11:08
169,35,6319.2,Debit,Mobile,ILS,2025-05-06 06:42:08
170,52,2019.9,Debit,Branch,USD,2025-04-19 10:22:08
171,140,3985.25,Wire,Branch,ILS,2025-05-09 15:12:08
172,74,6470.77,Transfer,ATM,EUR,2025-05-31 06:55:08
173,95,2735.8,Wire,Mobile,EUR,2025-04-22 22:26:08
174,99,8946.9,Transfer,Online,USD,2025-05-02 17:57:08
175,133,4977.75,Transfer,ATM,EUR,2025-05-25 17:10:08
176,47,793.88,Transfer,Branch,ILS,2025-05-01 08:40:08
177,76,3282.56,Transfer,Mobile,EUR,2025-03-31 00:14:08
178,114,4264.03,Transfer,Mobile,ILS,2025-05-28 01:05:08
179,91,8701.02,Wire,Branch,EUR,2025-05-28 21:05:08
180,15,7915.82,Debit,Mobile,USD,2025-06-20 22:14:08
181,41,8011.95,Debit,Online,EUR,2025-05-09 10:11:08
182,9,7814.21,Credit,ATM,ILS,2025-05-24 10:38:08
183,93,6453.4,Wire,ATM,EUR,2025-06-02 14:01:08
184,95,6792.23,Transfer,Mobile,ILS,2025-04-06 16:31:08
185,94,1381.26,Wire,Branch,EUR,2025-05-14 23:05:08
186,30,2499.87,Debit,Online,USD,2025-04-18 02:08:08
187,144,3872.94,Debit,Branch,USD,2025-05-09 20:21:08
188,74,4465.5,Wire,Online,ILS,2025-05-26 19:19:08
189,116,8529.0,Credit,Mobile,ILS,2025-04-05 01:50:08
190,82,6820.88,Transfer,ATM,EUR,2025-06-05 11:55:08
191,77,2907.17,Credit,Online,USD,2025-05-12 01:43:08
192,52,2246.29,Credit,Online,USD,2025-05-09 00:43:08
193,147,3612.16,Transfer,Mobile,EUR,2025-03-26 02:45:08
194,23,6121.42,Debit,Branch,USD,2025-04-04 12:49:08
195,135,7190.1,Wire,Mobile,EUR,2025-05-27 23:29:08
196,82,1257.64,Debit,Mobile,USD,2025-03-30 10:26:08
197,33,5176.01,Credit,Online,USD,2025-05-24 15:03:08
198,15,9107.57,Debit,Online,USD,2025-05-08 11:51:08
199,58,1623.86,Transfer,Branch,ILS,2025-04-07 17:01:08
200,142,1967.04,Transfer,Online,EUR,2025-04-15 12:47:08
201,24,6146.21,Credit,Online,ILS,2025-04-20 06:51:08
202,87,6246.67,Debit,ATM,ILS,2025-05-22 16:21:08
203,148,9485.73,Transfer,Online,EUR,2025-03-27 20:38:08
204,8,6182.99,Wire,Branch,EUR,2025-04-30 15:22:08
205,63,3024.43,Wire,Branch,USD,2025-06-18 19:10:08
206,41,6887.69,Wire,Mobile,USD,2025-03-30 08:44:08
207,37,2044.21,Transfer,Branch,EUR,2025-05-04 23:55:08
208,103,8608.47,Credit,Branch,EUR,2025-06-21 15:42:08
209,62,1066.31,Wire,ATM,USD,2025-05-13 20:16:08
210,25,2482.95,Debit,Branch,USD,2025-05-03 15:29:08
211,64,6155.7,Credit,Branch,EUR,2025-06-10 09:07:08
212,41,3130.59,Wire,Mobile,USD,2025-05-28 08:39:08
213,6,3088.86,Debit,Mobile,EUR,2025-06-11 17:42:08
214,56,9667.03,Transfer,ATM,ILS,2025-05-04 08:10:08
215,121,4951.47,Transfer,ATM,ILS,2025-04-18 07:57:08
216,68,1343.68,Transfer,Mobile,USD,2025-05-01 22:42:08
217,146,4008.81,Credit,Branch,EUR,2025-03-27 20:10:08
218,130,739.95,Wire,Branch,EUR,2025-04-18 23:47:08
219,33,6112.38,Debit,Mobile,USD,2025-05-24 15:41:08
220,143,9867.94,Transfer,Online,ILS,2025-06-04 01:48:08
221,129,5093.68,Debit,ATM,ILS,2025-05-17 13:26:08
222,122,7137.35,Wire,Online,EUR,2025-04-05 04:41:08
223,84,5157.48,Transfer,Online,USD,2025-06-13 00:24:08
224,77,7394.5,Transfer,Mobile,EUR,2025-05-18 20:05:08
225,5,3001.41,Transfer,Branch,EUR,2025-05-13 23:03:08
226,150,9799.08,Transfer,ATM,EUR,2025-04-02 16:46:08
227,149,2658.98,Credit,ATM,EUR,2025-05-05 22:05:08
228,98,1709.27,Credit,Online,ILS,2025-05-06 10:53:08
229,29,9482.31,Credit,ATM,USD,2025-05-14 20:07:08
230,106,4190.71,Credit,Mobile,EUR,2025-04-21 06:36:08
231,121,6116.72,Debit,Online,EUR,2025-06-02 06:17:08
232,123,5611.06,Wire,Branch,ILS,2025-04-11 14:16:08
233,88,9121.68,Transfer,Branch,EUR,2025-05-04 13:29:08
234,64,1926.68,Transfer,Branch,ILS,2025-05-06 19:02:08
235,77,9729.24,Transfer,Online,EUR,2025-06-17 10:02:08
236,123,4892.59,Transfer,Branch,USD,2025-05-26 21:24:08
237,140,5736.9,Wire,Mobile,USD,2025-04-03 19:34:08
238,38,7731.78,Transfer,ATM,USD,2025-06-18 14:42:08
239,89,7142.84,Wire,Branch,EUR,2025-06-18 16:14:08
240,138,2143.8,Transfer,Branch,ILS,2025-05-06 07:53:08
241,62,6158.69,Credit,ATM,EUR,2025-04-02 15:56:08
242,60,5312.76,Debit,ATM,USD,2025-06-14 02:44:08
243,26,7174.99,Credit,ATM,EUR,2025-04-22 18:52:08
244,105,9291.35,Wire,Mobile,EUR,2025-06-20 17:36:08
245,74,7560.33,Transfer,Branch,EUR,2025-04-10 21:03:08
246,23,9079.83,Credit,ATM,ILS,2025-03-29 02:34:08
247,46,8823.04,Debit,Mobile,USD,2025-04-30 18:13:08
248,75,9366.4,Debit,ATM,USD,2025-04-09 16:20:08
249,86,6029.82,Transfer,Mobile,EUR,2025-05-14 10:03:08
250,35,5245.56,Wire,Branch,ILS,2025-05-12 04:11:08
251,42,1130.9,Wire,Branch,EUR,2025-06-05 08:12:08
252,87,145.77,Transfer,Online,ILS,2025-04-09 16:05:08
253,104,8562.18,Wire,Branch,ILS,2025-05-18 07:59:08
254,48,6694.21,Credit,Mobile,USD,2025-04-29 04:58:08
255,67,2484.23,Wire,Online,USD,2025-06-16 21:40:08
256,85,2673.61,Transfer,ATM,USD,2025-05-31 07:56:08
257,61,3598.72,Debit,ATM,USD,2025-05-22 05:19:08
258,129,1601.37,Transfer,ATM,EUR,2025-04-20 15:33:08
259,95,9406.65,Credit,Online,ILS,2025-06-15 02:39:08
260,96,1536.09,Wire,Mobile,EUR,2025-05-06 05:56:08
261,56,6642.62,Credit,ATM,EUR,2025-06-04 17:19:08
262,93,5284.09,Debit,ATM,ILS,2025-05-03 09:16:08
263,130,5478.75,Credit,Online,ILS,2025-06-07 03:49:08
264,114,8545.59,Debit,Online,EUR,2025-04-22 14:07:08
265,131,4890.84,Wire,ATM,USD,2025-05-15 19:14:08
266,117,5134.91,Debit,Mobile,EUR,2025-04-04 17:34:08
267,6,3085.15,Wire,Branch,ILS,2025-06-05 04:04:08
268,19,2182.92,Debit,Mobile,USD,2025-05-30 14:34:08
269,16,642.28,Debit,Mobile,ILS,2025-05-26 11:20:08
270,35,4091.63,Wire,Branch,USD,2025-04-18 20:29:08
271,97,8696.85,Wire,ATM,EUR,2025-05-03 13:10:08
272,139,6619.62,Credit,Branch,ILS,2025-06-19 11:32:08
273,101,9928.5,Credit,Online,ILS,2025-04-08 23:12:08
274,77,232.24,Wire,Mobile,EUR,2025-05-31 13:13:08
275,64,8234.49,Wire,Branch,ILS,2025-04-27 05:52:08
276,29,1888.86,Debit,Mobile,EUR,2025-04-17 19:29:08
277,5,9362.7,Credit,Online,ILS,2025-06-01 10:48:08
278,115,5941.47,Debit,Online,EUR,2025-04-01 21:44:08
279,60,4025.64,Credit,ATM,ILS,2025-03-27 17:58:08
280,60,9934.87,Transfer,Branch,ILS,2025-05-08 14:06:08
281,134,8763.2,Credit,Mobile,USD,2025-04-20 04:32:08
282,45,614.27,Wire,Mobile,ILS,2025-04-17 18:24:08
283,98,3447.43,Transfer,Mobile,USD,2025-06-20 05:20:08
284,48,3002.39,Wire,Online,ILS,2025-04-06 07:18:08
285,37,8576.12,Wire,ATM,EUR,2025-04-20 02:18:08
286,143,9678.02,Credit,Mobile,ILS,2025-04-30 06:50:08
287,21,2037.35,Wire,Branch,ILS,2025-04-15 22:22:08
288,49,7247.22,Debit,Branch,USD,2025-05-11 11:26:08
289,11,6051.67,Debit,Online,EUR,2025-05-24 00:59:08
290,56,6716.15,Wire,Online,USD,2025-05-28 15:36:08
291,4,9570.41,Credit,Online,EUR,2025-04-20 07:39:08
292,123,7470.06,Credit,Online,USD,2025-04-03 09:36:08
293,83,2397.11,Transfer,Mobile,USD,2025-06-15 00:27:08
294,79,6488.97,Transfer,Branch,EUR,2025-05-11 07:06:08
295,26,4975.29,Wire,Branch,ILS,2025-06-12 01:51:08
296,12,3132.66,Credit,Online,ILS,2025-04-26 11:09:08
297,150,5535.35,Wire,Branch,ILS,2025-04-16 11:00:08
298,98,3302.0,Credit,Mobile,EUR,2025-04-10 13:55:08
299,87,9434.93,Transfer,Mobile,EUR,2025-05-22 07:20:08
300,118,7397.24,Credit,Branch,ILS,2025-05-21 03:08:08
301,126,7204.53,Credit,ATM,EUR,2025-04-05 11:04:08
302,20,8391.49,Debit,ATM,USD,2025-03-26 19:13:08
303,60,8426.23,Debit,Online,ILS,2025-04-05 05:41:08
304,96,5059.8,Debit,Mobile,EUR,2025-04-12 15:08:08
305,137,162.24,Wire,ATM,ILS,2025-05-07 03:04:08
306,138,7223.32,Transfer,ATM,EUR,2025-05-10 21:51:08
307,111,6980.1,Credit,ATM,ILS,2025-06-05 17:42:08
308,50,1493.23,Transfer,Branch,USD,2025-05-10 10:52:08
309,96,3971.98,Wire,Mobile,EUR,2025-06-04 01:53:08
310,58,9902.38,Transfer,ATM,EUR,2025-04-14 20:37:08
311,9,6500.7,Debit,Mobile,USD,2025-06-09 20:08:08
312,15,5529.25,Debit,Online,ILS,2025-04-27 01:16:08
313,85,8454.07,Debit,ATM,ILS,2025-05-08 05:17:08
314,146,9013.22,Wire,Branch,ILS,2025-04-11 23:10:08
315,72,748.11,Debit,Online,USD,2025-06-15 20:11:08
316,37,9614.88,Wire,ATM,USD,2025-03-25 03:32:08
317,146,5641.76,Wire,Branch,USD,2025-04-07 12:12:08
318,21,7398.75,Transfer,ATM,ILS,2025-05-31 11:59:08
319,20,2325.28,Transfer,Mobile,USD,2025-05-02 12:10:08
320,116,6343.06,Wire,Online,USD,2025-03-26 10:03:08
321,111,9411.72,Credit,Mobile,ILS,2025-05-13 01:27:08
322,64,6188.07,Debit,ATM,USD,2025-06-02 00:09:08
323,40,3803.1,Wire,Branch,USD,2025-04-06 18:14:08
324,79,919.75,Wire,Branch,USD,2025-04-02 10:05:08
325,48,1329.41,Wire,Mobile,EUR,2025-04-02 00:39:08
326,27,5126.85,Debit,ATM,USD,2025-05-13 05:10:08
327,84,935.18,Wire,ATM,USD,2025-05-13 04:02:08
328,22,3881.06,Credit,Online,EUR,2025-04-30 09:18:08
329,69,1699.17,Transfer,Branch,USD,2025-04-27 09:03:08
330,112,637.36,Transfer,Mobile,USD,2025-04-06 00:07:08
331,93,7827.75,Transfer,Online,EUR,2025-05-06 19:09:08
332,51,4960.55,Wire,ATM,ILS,2025-05-19 14:44:08
333,102,72.64,Transfer,Mobile,USD,2025-04-20 10:52:08
334,35,3350.69,Transfer,Branch,EUR,2025-05-02 19:00:08
335,123,6954.45,Transfer,Online,USD,2025-06-17 22:41:08
336,126,3194.78,Credit,Branch,USD,2025-06-19 21:32:08
337,101,8165.86,Transfer,ATM,EUR,2025-04-18 05:39:08
338,140,5924.31,Credit,ATM,EUR,2025-04-10 21:48:08
339,54,9430.03,Wire,Branch,EUR,2025-05-04 17:45:08
340,105,8190.56,Wire,Online,EUR,2025-03-30 00:24:08
341,40,2424.0,Wire,Mobile,ILS,2025-04-20 06:52:08
342,123,9907.05,Wire,Mobile,EUR,2025-05-03 14:20:08
343,93,7908.26,Debit,ATM,ILS,2025-03-27 01:38:08
344,43,6648.62,Debit,Mobile,USD,2025-05-22 13:53:08
345,28,7963.33,Debit,ATM,USD,2025-06-19 14:58:08
346,133,5109.21,Credit,Mobile,USD,2025-04-12 22:18:08
347,129,4633.32,Credit,Branch,ILS,2025-04-28 07:46:08
348,107,1049.97,Debit,ATM,EUR,2025-05-06 15:57:08
349,88,3486.54,Wire,Online,EUR,2025-04-05 14:49:08
350,25,3486.26,Wire,Mobile,USD,2025-05-06 16:18:08
351,30,3006.14,Debit,Branch,EUR,2025-03-29 20:04:08
352,43,6773.01,Credit,Online,EUR,2025-04-02 16:14:08
353,110,3313.24,Wire,Online,USD,2025-04-07 07:09:08
354,111,1848.6,Wire,ATM,EUR,2025-05-20 01:03:08
355,116,8831.56,Wire,Mobile,ILS,2025-05-18 14:52:08
356,72,2151.89,Debit,ATM,EUR,2025-05-26 20:51:08
357,51,3661.1,Wire,ATM,USD,2025-04-09 17:45:08
358,136,8627.05,Transfer,Mobile,EUR,2025-05-23 18:30:08
359,90,5872.11,Transfer,Mobile,EUR,2025-04-28 10:51:08
360,77,8138.31,Debit,Online,USD,2025-04-08 10:13:08
361,30,2389.53,Credit,Branch,EUR,2025-04-03 10:48:08
362,108,5110.69,Credit,Mobile,USD,2025-04-05 14:08:08
363,138,4869.27,Credit,Online,USD,2025-04-09 15:07:08
364,81,1407.26,Wire,ATM,USD,2025-04-19 00:18:08
365,35,100.79,Credit,Mobile,EUR,2025-06-18 08:39:08
366,105,6532.43,Wire,Mobile,EUR,2025-05-08 17:28:08
367,43,4441.3,Debit,ATM,ILS,2025-06-08 04:06:08
368,58,331.79,Transfer,Online,USD,2025-04-19 07:24:08
369,127,7426.47,Debit,ATM,USD,2025-05-14 05:00:08
370,94,5433.35,Debit,Mobile,EUR,2025-06-02 06:35:08
371,27,9897.81,Credit,Branch,ILS,2025-04-12 14:44:08
372,23,2631.84,Wire,ATM,ILS,2025-05-03 15:47:08
373,90,8107.97,Wire,Online,EUR,2025-04-11 19:49:08
374,53,7849.57,Debit,Branch,EUR,2025-04-05 09:29:08
375,44,5970.59,Transfer,Branch,USD,2025-04-18 07:22:08
376,132,2677.09,Debit,Online,USD,2025-05-14 20:29:08
377,71,597.56,Credit,Online,ILS,2025-06-15 08:24:08
378,64,7115.39,Wire,Mobile,ILS,2025-04-06 00:48:08
379,107,6325.86,Wire,Mobile,ILS,2025-05-15 06:44:08
380,24,7947.01,Wire,Branch,EUR,2025-05-20 09:30:08
381,117,8773.79,Wire,Branch,EUR,2025-06-16 22:47:08
382,24,8689.73,Wire,Branch,ILS,2025-03-23 22:44:08
383,56,5346.57,Wire,Online,USD,2025-06-04 03:31:08
384,73,3232.04,Transfer,Online,EUR,2025-04-17 03:57:08
385,88,4855.95,Debit,ATM,ILS,2025-06-09 07:28:08
386,118,7839.98,Debit,ATM,ILS,2025-05-19 17:14:08
387,110,4567.9,Credit,Online,EUR,2025-05-02 21:20:08
388,71,1593.98,Debit,Branch,USD,2025-04-20 04:46:08
389,43,3721.58,Debit,Mobile,EUR,2025-03-31 05:23:08
390,60,7261.25,Wire,ATM,EUR,2025-04-20 12:43:08
391,123,15.86,Debit,Online,EUR,2025-04-01 09:15:08
392,114,5196.85,Debit,ATM,EUR,2025-04-13 07:27:08
393,109,8172.0,Credit,Mobile,ILS,2025-04-23 23:52:08
394,27,3833.78,Debit,Branch,USD,2025-04-13 13:28:08
395,98,2996.06,Credit,Online,ILS,2025-06-11 21:52:08
396,43,5635.1,Wire,Branch,EUR,2025-05-11 00:14:08
397,39,6282.66,Wire,Mobile,ILS,2025-04-12 02:45:08
398,36,8966.45,Debit,Mobile,USD,2025-03-31 14:42:08
399,36,4296.74,Credit,Branch,EUR,2025-06-19 09:34:08
400,73,2485.43,Debit,Branch,ILS,2025-03-31 09:22:08
401,49,6071.23,Wire,Branch,EUR,2025-05-09 20:22:08
402,62,7839.1,Wire,Mobile,ILS,2025-03-28 16:32:08
403,19,4998.33,Debit,Branch,USD,2025-04-14 15:59:08
404,146,3871.45,Wire,Branch,EUR,2025-04-04 17:39:08
405,121,1731.84,Debit,ATM,EUR,2025-05-24 21:14:08
406,56,142.87,Debit,ATM,USD,2025-03-29 20:51:08
407,129,2868.45,Wire,Mobile,EUR,2025-05-08 20:02:08
408,138,828.87,Credit,Branch,ILS,2025-04-29 08:07:08
409,53,794.82,Credit,Branch,USD,2025-04-20 22:20:08
410,17,6344.77,Transfer,Mobile,EUR,2025-05-16 02:25:08
411,15,8465.45,Credit,ATM,USD,2025-06-18 12:07:08
412,15,4536.45,Transfer,Online,ILS,2025-04-03 06:42:08
413,3,7080.47,Credit,Mobile,USD,2025-03-24 21:00:08
414,67,5174.64,Credit,Branch,ILS,2025-05-10 07:51:08
415,69,7812.33,Debit,ATM,USD,2025-05-30 23:14:08
416,135,4296.1,Debit,Branch,EUR,2025-06-05 04:29:08
417,20,5768.63,Wire,Mobile,EUR,2025-06-20 11:21:08
418,146,559.11,Credit,Branch,ILS,2025-04-25 12:02:08
419,147,7734.42,Debit,Online,EUR,2025-04-15 22:38:08
420,4,30.67,Credit,ATM,USD,2025-05-09 00:52:08
421,39,3832.88,Credit,ATM,EUR,2025-04-25 20:27:08
422,108,9139.91,Credit,Branch,ILS,2025-06-04 19:45:08
423,82,9158.97,Transfer,ATM,EUR,2025-04-30 14:39:08
424,14,1198.41,Credit,Online,EUR,2025-04-26 15:44:08
425,103,464.06,Debit,Mobile,USD,2025-06-21 01:15:08
426,84,8449.24,Debit,Mobile,ILS,2025-06-02 03:07:08
427,145,2010.71,Transfer,Online,USD,2025-04-26 07:14:08
428,127,5918.95,Credit,Online,ILS,2025-04-26 05:50:08
429,7,9324.31,Credit,Branch,EUR,2025-03-24 07:15:08
430,3,6936.14,Transfer,ATM,EUR,2025-06-08 03:24:08
431,79,8490.81,Debit,Online,EUR,2025-04-26 23:19:08
432,126,2385.49,Debit,Online,EUR,2025-06-21 04:58:08
433,60,934.8,Wire,Branch,USD,2025-04-18 04:37:08
434,149,7480.25,Debit,Online,EUR,2025-06-20 10:16:08
435,146,3946.54,Debit,Mobile,EUR,2025-06-06 08:34:08
436,75,1311.43,Transfer,Branch,USD,2025-06-19 11:42:08
437,84,8319.84,Transfer,Mobile,USD,2025-05-26 12:05:08
438,52,751.5,Credit,ATM,ILS,2025-04-13 23:39:08
439,120,1647.93,Transfer,Mobile,ILS,2025-04-02 08:08:08
440,54,3586.08,Wire,Branch,USD,2025-05-11 12:04:08
441,24,8525.56,Credit,Branch,EUR,2025-04-16 20:15:08
442,56,6035.01,Transfer,Online,ILS,2025-05-26 03:41:08
443,92,2485.95,Wire,ATM,EUR,2025-05-27 10:52:08
444,45,2605.37,Debit,Mobile,USD,2025-04-19 22:09:08
445,64,7482.04,Debit,Mobile,ILS,2025-05-13 07:49:08
446,32,7939.13,Debit,ATM,ILS,2025-06-04 21:28:08
447,103,1985.34,Transfer,ATM,EUR,2025-04-04 14:53:08
448,20,2591.91,Debit,ATM,ILS,2025-05-16 01:43:08
449,33,6461.64,Debit,Branch,ILS,2025-06-13 20:51:08
450,13,9423.1,Credit,Mobile,EUR,2025-03-27 14:36:08
451,98,4963.78,Wire,Online,USD,2025-04-28 16:13:08
452,71,9083.5,Transfer,Mobile,ILS,2025-04-12 06:23:08
453,63,6143.0,Transfer,Mobile,USD,2025-03-26 21:01:08
454,16,5509.13,Debit,Branch,USD,2025-06-12 01:47:08
455,135,4195.25,Credit,ATM,USD,2025-04-05 05:07:08
456,123,7135.14,Wire,Branch,EUR,2025-06-02 21:27:08
457,70,3219.44,Credit,ATM,USD,2025-05-08 10:49:08
458,72,2194.11,Debit,Mobile,EUR,2025-05-17 01:45:08
459,60,7669.59,Credit,ATM,ILS,2025-04-25 06:09:08
460,137,2415.32,Debit,Online,EUR,2025-05-22 12:16:08
461,100,9826.73,Transfer,Online,ILS,2025-06-08 18:33:08
462,92,5927.23,Debit,Branch,EUR,2025-04-14 06:05:08
463,49,1425.31,Wire,Branch,ILS,2025-05-14 00:33:08
464,15,384.45,Credit,Online,ILS,2025-05-07 08:42:08
465,85,4782.5,Credit,Online,USD,2025-05-10 15:22:08
466,83,1778.71,Debit,ATM,ILS,2025-05-27 23:30:08
467,37,7048.44,Debit,Branch,ILS,2025-05-16 02:48:08
468,102,7046.86,Debit,Branch,USD,2025-04-26 17:27:08
469,41,1368.83,Wire,Mobile,EUR,2025-04-22 02:04:08
470,144,1746.16,Transfer,Online,EUR,2025-04-21 14:26:08
471,97,8145.47,Transfer,Branch,ILS,2025-05-16 07:54:08
472,147,7289.67,Wire,ATM,ILS,2025-04-08 21:32:08
473,57,3185.58,Debit,Mobile,ILS,2025-05-17 13:16:08
474,61,7454.71,Transfer,Branch,ILS,2025-04-22 20:46:08
475,23,8853.78,Transfer,Mobile,ILS,2025-05-20 15:06:08
476,18,2100.79,Transfer,Branch,ILS,2025-04-16 20:41:08
477,99,17.81,Wire,Mobile,ILS,2025-05-28 07:06:08
478,97,4143.12,Transfer,Mobile,ILS,2025-06-12 05:39:08
479,148,4797.5,Credit,Online,USD,2025-06-07 03:53:08
480,9,7992.95,Transfer,ATM,USD,2025-03-30 10:21:08
481,19,9516.86,Transfer,Online,USD,2025-04-16 11:46:08
482,141,7321.19,Debit,Branch,EUR,2025-04-07 08:50:08
483,124,6138.38,Debit,Mobile,EUR,2025-06-21 09:42:08
484,112,6075.14,Credit,ATM,ILS,2025-04-07 17:46:08
485,49,2059.48,Wire,Branch,EUR,2025-04-22 20:37:08
486,25,2977.52,Debit,Mobile,EUR,2025-04-18 08:19:08
487,40,8399.35,Debit,Branch,ILS,2025-05-12 18:05:08
488,123,880.85,Credit,ATM,ILS,2025-05-01 15:27:08
489,75,1712.47,Debit,Mobile,ILS,2025-04-11 13:25:08
490,121,7849.84,Wire,Branch,ILS,2025-04-20 18:56:08
491,48,5443.54,Transfer,Mobile,USD,2025-05-21 03:30:08
492,68,4460.52,Wire,Mobile,USD,2025-04-09 16:55:08
493,145,8371.6,Debit,Online,EUR,2025-04-13 07:34:08
494,89,971.54,Wire,Online,EUR,2025-05-23 11:26:08
495,134,8408.77,Wire,Mobile,EUR,2025-03-29 06:33:08
496,77,2360.24,Debit,Mobile,EUR,2025-06-11 23:20:08
497,133,5023.5,Credit,ATM,USD,2025-03-26 21:11:08
498,43,9490.87,Credit,Online,ILS,2025-04-08 10:59:08
499,112,4236.63,Credit,Online,EUR,2025-03-27 14:33:08
500,18,3200.9,Debit,Mobile,EUR,2025-04-16 04:41:08
501,71,5522.78,Wire,ATM,EUR,2025-04-28 21:22:08
502,108,5877.82,Debit,Mobile,ILS,2025-05-19 10:25:08
503,150,5668.11,Debit,ATM,EUR,2025-04-06 05:04:08
504,74,1014.4,Transfer,Mobile,USD,2025-06-02 16:16:08
505,147,6549.6,Wire,ATM,ILS,2025-04-27 14:06:08
506,103,4032.72,Debit,Mobile,USD,2025-04-17 18:59:08
507,122,2379.61,Transfer,Branch,ILS,2025-05-25 13:47:08
508,78,8174.77,Transfer,Branch,USD,2025-04-23 11:24:08
509,26,6963.35,Credit,Online,USD,2025-06-09 20:10:08
510,83,7438.52,Transfer,Mobile,EUR,2025-06-20 09:32:08
511,114,897.42,Credit,Mobile,EUR,2025-05-21 11:34:08
512,96,7596.14,Debit,Online,ILS,2025-05-06 19:39:08
513,104,7097.15,Credit,ATM,ILS,2025-04-21 00:59:08
514,52,8752.43,Debit,Online,ILS,2025-04-10 06:25:08
515,93,510.34,Credit,Branch,USD,2025-05-04 06:27:08
516,102,4644.86,Debit,ATM,ILS,2025-06-06 16:18:08
517,115,4890.42,Credit,Mobile,EUR,2025-04-26 14:59:08
518,42,3500.85,Transfer,ATM,USD,2025-05-12 21:44:08
519,42,3868.72,Credit,Online,EUR,2025-03-26 05:17:08
520,69,6778.56,Wire,ATM,EUR,2025-04-13 05:05:08
521,34,4743.6,Credit,ATM,ILS,2025-03-24 12:46:08
522,79,6085.4,Transfer,Mobile,USD,2025-04-15 16:41:08
523,65,3490.35,Credit,Mobile,USD,2025-06-09 05:39:08
524,102,5208.78,Debit,ATM,EUR,2025-05-24 08:41:08
525,96,9665.02,Transfer,Branch,EUR,2025-05-23 00:16:08
526,87,4819.98,Transfer,Branch,USD,2025-04-02 13:29:08
527,77,6562.92,Credit,Online,EUR,2025-04-16 11:49:08
528,15,2406.82,Wire,Branch,EUR,2025-06-01 09:32:08
529,128,7214.23,Transfer,Branch,USD,2025-04-05 11:00:08
530,10,3885.81,Credit,Branch,EUR,2025-04-29 13:11:08
531,137,2227.52,Wire,Branch,EUR,2025-05-27 15:42:08
532,143,8454.97,Credit,Branch,ILS,2025-04-20 01:07:08
533,67,1283.8,Credit,Branch,EUR,2025-05-05 13:46:08
534,58,2226.42,Transfer,Mobile,USD,2025-03-31 20:24:08
535,76,2609.29,Wire,ATM,USD,2025-04-26 13:17:08
536,150,8664.6,Debit,Mobile,ILS,2025-03-28 14:35:08
537,98,1202.56,Transfer,Mobile,ILS,2025-05-08 06:38:08
538,36,8543.13,Credit,Branch,USD,2025-06-10 23:43:08
539,118,5696.19,Credit,Branch,EUR,2025-06-21 13:53:08
540,125,7790.52,Transfer,Online,USD,2025-04-09 03:19:08
541,116,584.85,Transfer,Online,ILS,2025-05-20 11:25:08
542,126,7646.01,Debit,Online,EUR,2025-05-15 04:14:08
543,104,6336.71,Wire,Mobile,USD,2025-05-02 04:47:08
544,52,382.06,Transfer,ATM,USD,2025-03-24 03:31:08
545,49,8333.12,Debit,ATM,EUR,2025-05-31 14:41:08
546,89,2491.99,Transfer,Online,ILS,2025-05-29 11:54:08
547,79,5035.85,Credit,ATM,ILS,2025-04-27 15:12:08
548,117,9484.89,Transfer,Mobile,EUR,2025-04-19 20:45:08
549,126,3430.61,Transfer,Online,ILS,2025-04-04 21:36:08
550,104,9069.41,Debit,Online,ILS,2025-06-18 00:27:08
551,55,9848.87,Debit,Online,ILS,2025-05-28 21:51:08
552,10,7112.55,Wire,Branch,EUR,2025-04-26 02:09:08
553,13,490.63,Debit,ATM,ILS,2025-05-19 10:35:08
554,114,1162.32,Wire,ATM,EUR,2025-05-25 12:06:08
555,40,4746.59,Credit,ATM,USD,2025-04-15 17:26:08
556,134,6618.34,Transfer,Online,USD,2025-05-01 00:44:08
557,131,8986.73,Debit,Branch,ILS,2025-06-07 07:55:08
558,51,1067.11,Credit,Branch,EUR,2025-06-03 03:40:08
559,105,2020.72,Transfer,Online,ILS,2025-06-20 07:08:08
560,54,4966.07,Wire,Branch,ILS,2025-05-12 14:45:08
561,23,132.43,Debit,Mobile,ILS,2025-03-23 23:18:08
562,131,905.38,Debit,ATM,USD,2025-06-18 03:25:08
563,76,2315.45,Transfer,Mobile,ILS,2025-05-21 08:54:08
564,11,8132.72,Transfer,Branch,EUR,2025-04-01 19:22:08
565,30,4262.82,Debit,ATM,ILS,2025-04-21 04:27:08
566,44,1388.25,Transfer,Branch,USD,2025-06-09 06:33:08
567,24,6219.96,Transfer,Branch,ILS,2025-06-18 15:45:08
568,117,4010.77,Transfer,Mobile,EUR,2025-04-03 02:00:08
569,108,4785.06,Credit,ATM,ILS,2025-06-09 03:39:08
570,41,7265.48,Debit,Mobile,EUR,2025-05-26 02:08:08
571,113,8023.64,Credit,Mobile,USD,2025-05-06 15:45:08
572,34,293.02,Wire,Mobile,ILS,2025-05-18 08:51:08
573,12,4115.79,Debit,Branch,EUR,2025-06-12 12:18:08
574,135,128.54,Credit,Branch,EUR,2025-04-21 07:47:08
575,25,6883.98,Wire,Online,USD,2025-05-10 08:04:08
576,99,6638.79,Credit,ATM,ILS,2025-04-24 04:38:08
577,130,9344.04,Wire,Mobile,ILS,2025-05-21 06:51:08
578,83,7515.54,Credit,Branch,USD,2025-03-30 12:52:08
579,141,5071.76,Wire,Mobile,ILS,2025-03-28 07:19:08
580,147,4593.65,Wire,ATM,USD,2025-03-30 21:32:08
581,128,3164.03,Debit,ATM,USD,2025-05-03 09:58:08
582,141,363.14,Debit,ATM,EUR,2025-04-30 06:06:08
583,78,6192.57,Credit,Mobile,USD,2025-06-19 09:24:08
584,58,8253.98,Wire,Branch,EUR,2025-04-25 19:04:08
585,122,6199.48,Transfer,Mobile,ILS,2025-06-01 13:46:08
586,57,7594.4,Debit,Branch,USD,2025-04-01 14:11:08
587,75,6338.44,Transfer,ATM,ILS,2025-06-07 06:14:08
588,36,1645.73,Wire,ATM,USD,2025-06-13 08:35:08
589,31,1963.24,Wire,Online,USD,2025-05-18 07:45:08
590,87,7815.3,Debit,Mobile,ILS,2025-06-06 18:35:08
591,32,6334.24,Wire,Mobile,EUR,2025-06-16 01:34:08
592,35,9562.12,Wire,ATM,EUR,2025-05-16 08:42:08
593,111,490.47,Wire,Online,EUR,2025-05-29 17:37:08
594,33,1740.63,Debit,Mobile,EUR,2025-05-15 09:12:08
595,83,6063.58,Wire,Mobile,EUR,2025-05-17 09:14:08
596,64,6926.69,Transfer,Mobile,USD,2025-06-15 02:10:08
597,35,2945.26,Credit,Mobile,EUR,2025-06-20 01:24:08
598,132,8864.94,Transfer,Branch,EUR,2025-05-26 10:32:08
599,56,9355.44,Credit,Online,EUR,2025-05-29 18:56:08
600,89,2909.34,Credit,Online,EUR,2025-05-27 17:55:08
601,83,6944.65,Debit,Branch,EUR,2025-05-12 02:25:08
602,107,5830.15,Transfer,Mobile,ILS,2025-05-06 10:43:08
603,98,1069.17,Credit,ATM,EUR,2025-05-10 07:15:08
604,42,2003.02,Transfer,Branch,ILS,2025-03-28 20:59:08
605,76,625.02,Credit,ATM,USD,2025-06-08 02:59:08
606,144,4528.68,Credit,Mobile,ILS,2025-06-05 19:36:08
607,74,7844.15,Debit,Mobile,USD,2025-05-09 05:27:08
608,81,9567.24,Debit,ATM,EUR,2025-04-30 15:20:08
609,114,2034.86,Credit,Branch,EUR,2025-04-15 14:23:08
610,51,7385.81,Credit,Branch,USD,2025-05-12 11:25:08
611,20,9834.62,Credit,Online,EUR,2025-04-08 20:55:08
612,11,1197.94,Wire,Branch,EUR,2025-05-09 11:50:08
613,150,1305.01,Transfer,ATM,USD,2025-04-16 18:34:08
614,40,7098.34,Debit,Online,USD,2025-05-05 04:02:08
615,78,513.3,Wire,Branch,ILS,2025-05-17 01:14:08
616,135,7078.28,Credit,Online,EUR,2025-06-03 02:04:08
617,41,7863.65,Wire,Mobile,ILS,2025-03-29 22:16:08
618,55,2215.87,Transfer,Branch,USD,2025-04-24 12:36:08
619,136,2188.36,Wire,ATM,ILS,2025-04-19 10:39:08
620,62,3463.34,Credit,ATM,EUR,2025-05-23 14:39:08
621,30,3212.77,Wire,Branch,EUR,2025-06-12 08:05:08
622,133,2831.88,Transfer,Mobile,USD,2025-05-28 14:52:08
623,50,2967.86,Transfer,ATM,ILS,2025-03-27 17:07:08
624,138,9716.43,Debit,ATM,ILS,2025-04-07 23:00:08
625,55,6297.0,Wire,ATM,ILS,2025-05-23 17:42:08
626,112,8288.34,Debit,Online,ILS,2025-05-11 16:04:08
627,10,7170.1,Debit,ATM,ILS,2025-05-04 12:31:08
628,143,7943.18,Debit,Online,USD,2025-04-08 22:09:08
629,104,3883.39,Wire,Branch,ILS,2025-04-29 19:49:08
630,137,6734.62,Debit,ATM,EUR,2025-04-28 04:12:08
631,19,459.94,Transfer,ATM,USD,2025-05-16 00:36:08
632,23,6860.36,Transfer,Mobile,USD,2025-06-03 08:19:08
633,8,8222.11,Wire,Online,EUR,2025-04-28 16:28:08
634,101,1368.13,Transfer,Online,USD,2025-04-12 17:38:08
635,96,8870.35,Debit,Online,ILS,2025-05-24 08:53:08
636,101,55.27,Debit,Branch,ILS,2025-03-27 12:35:08
637,89,7415.6,Credit,Mobile,EUR,2025-05-30 20:00:08
638,42,5127.96,Credit,Online,EUR,2025-06-09 05:22:08
639,30,2531.15,Credit,ATM,EUR,2025-06-07 16:52:08
640,19,6448.52,Transfer,ATM,USD,2025-05-04 16:58:08
641,149,1978.19,Wire,Branch,USD,2025-04-01 15:51:08
642,61,6714.6,Debit,Branch,EUR,2025-04-04 09:25:08
643,82,9001.69,Wire,Mobile,USD,2025-03-30 01:49:08
644,150,6595.93,Credit,Branch,USD,2025-05-18 19:45:08
645,2,4285.93,Transfer,Online,ILS,2025-06-18 23:33:08
646,112,7399.46,Transfer,Branch,ILS,2025-05-27 13:09:08
647,123,7331.06,Wire,Mobile,USD,2025-05-24 13:53:08
648,142,3058.19,Debit,Online,EUR,2025-06-02 05:50:08
649,72,824.33,Credit,Online,USD,2025-05-17 22:31:08
650,20,8863.93,Debit,ATM,EUR,2025-05-29 11:47:08
651,149,316.79,Wire,Online,ILS,2025-05-20 05:08:08
652,139,2609.86,Wire,Online,USD,2025-05-12 22:18:08
653,75,2236.95,Credit,Mobile,EUR,2025-04-28 10:45:08
654,94,910.09,Debit,Online,EUR,2025-05-09 04:20:08
655,132,1662.61,Credit,Mobile,ILS,2025-05-24 23:54:08
656,145,5665.74,Credit,Mobile,USD,2025-04-09 00:40:08
657,125,2192.1,Credit,ATM,USD,2025-03-27 09:37:08
658,53,2344.02,Transfer,Mobile,USD,2025-04-26 08:22:08
659,12,4549.16,Debit,Branch,ILS,2025-06-15 06:31:08
660,71,9684.57,Transfer,Online,USD,2025-05-26 18:40:08
661,20,3788.29,Transfer,Mobile,ILS,2025-05-22 05:18:08
662,89,4061.39,Wire,Mobile,EUR,2025-05-09 17:21:08
663,36,5020.86,Wire,Online,ILS,2025-03-24 07:44:08
664,72,5147.84,Credit,Online,ILS,2025-03-30 17:44:08
665,31,3625.42,Credit,Mobile,USD,2025-04-07 01:05:08
666,123,1137.82,Wire,Online,EUR,2025-05-28 06:45:08
667,106,6474.36,Debit,Online,ILS,2025-04-07 09:34:08
668,42,5737.0,Credit,ATM,EUR,2025-04-04 08:42:08
669,67,563.84,Credit,Mobile,EUR,2025-04-06 02:09:08
670,5,5638.23,Transfer,ATM,ILS,2025-06-19 22:40:08
671,121,6067.23,Wire,Online,ILS,2025-05-03 14:37:08
672,37,4110.61,Credit,Branch,ILS,2025-06-07 07:17:08
673,117,6857.48,Debit,Online,USD,2025-05-28 15:20:08
674,5,1326.47,Credit,Mobile,ILS,2025-04-27 19:23:08
675,122,967.5,Debit,ATM,ILS,2025-05-17 20:05:08
676,139,6595.63,Debit,Mobile,EUR,2025-05-06 14:48:08
677,12,3706.92,Wire,Online,USD,2025-05-01 00:19:08
678,90,7687.87,Debit,Mobile,ILS,2025-06-03 14:08:08
679,60,4774.03,Debit,Branch,EUR,2025-04-15 21:20:08
680,66,5439.59,Credit,ATM,EUR,2025-06-11 12:39:08
681,148,7895.28,Debit,ATM,USD,2025-05-30 09:51:08
682,81,2058.16,Wire,Branch,ILS,2025-05-22 07:12:08
683,150,4263.59,Transfer,Branch,EUR,2025-04-06 19:27:08
684,71,5648.88,Wire,Online,USD,2025-05-01 06:37:08
685,124,7838.97,Credit,Branch,EUR,2025-05-12 23:25:08
686,79,4840.18,Transfer,Mobile,EUR,2025-05-13 05:33:08
687,31,8550.71,Credit,Mobile,EUR,2025-04-05 06:56:08
688,55,1622.14,Wire,Branch,EUR,2025-06-18 02:59:08
689,14,6972.09,Credit,Mobile,EUR,2025-05-18 14:41:08
690,38,8044.67,Wire,Mobile,ILS,2025-03-24 04:53:08
691,95,2634.6,Debit,ATM,EUR,2025-03-29 13:19:08
692,103,9307.2,Transfer,ATM,ILS,2025-04-27 16:54:08
693,3,4946.21,Credit,Branch,ILS,2025-05-21 00:04:08
694,131,7840.67,Credit,Online,EUR,2025-03-26 18:45:08
695,1,3600.6,Credit,ATM,USD,2025-03-27 00:06:08
696,102,3997.34,Wire,Online,EUR,2025-06-02 16:33:08
697,18,7370.57,Debit,Branch,EUR,2025-03-25 02:54:08
698,150,5593.34,Transfer,Branch,USD,2025-06-07 05:58:08
699,50,6065.6,Wire,Mobile,EUR,2025-04-13 07:41:08
700,105,2614.77,Debit,ATM,EUR,2025-03-24 03:29:08
701,30,3402.96,Transfer,Branch,EUR,2025-04-19 12:08:08
702,145,9660.72,Wire,Online,USD,2025-05-03 00:34:08
703,118,7757.11,Debit,Mobile,ILS,2025-06-19 05:11:08
704,57,680.2,Credit,Branch,USD,2025-04-16 04:32:08
705,138,3534.2,Debit,Branch,ILS,2025-06-18 16:32:08
706,88,934.63,Debit,Online,USD,2025-04-18 20:55:08
707,147,3538.61,Transfer,Online,EUR,2025-04-21 06:59:08
708,49,9302.9,Wire,Online,ILS,2025-05-24 21:36:08
709,68,2424.35,Credit,Online,ILS,2025-05-29 15:54:08
710,92,2500.71,Credit,ATM,ILS,2025-06-07 17:17:08
711,127,789.48,Debit,ATM,USD,2025-06-15 11:30:08
712,127,6208.57,Transfer,Mobile,ILS,2025-04-26 12:13:08
713,131,7643.8,Transfer,Mobile,ILS,2025-06-21 07:46:08
714,14,5768.77,Wire,Mobile,EUR,2025-05-31 00:06:08
715,101,5027.24,Credit,Mobile,ILS,2025-03-26 16:28:08
716,81,5184.46,Debit,ATM,EUR,2025-05-26 06:40:08
717,26,3797.38,Transfer,Branch,EUR,2025-04-11 21:43:08
718,141,2600.71,Transfer,Online,USD,2025-06-10 04:03:08
719,88,9585.48,Transfer,Online,USD,2025-05-05 15:00:08
720,96,2109.27,Transfer,Mobile,USD,2025-05-01 07:27:08
721,34,1802.99,Credit,ATM,EUR,2025-05-03 17:57:08
722,143,8041.86,Wire,Mobile,ILS,2025-04-17 07:02:08
723,39,8001.37,Wire,ATM,ILS,2025-04-05 23:56:08
724,133,4998.48,Transfer,Mobile,USD,2025-05-01 02:09:08
725,146,5623.57,Debit,Mobile,ILS,2025-04-15 13:35:08
726,56,1637.6,Transfer,Mobile,EUR,2025-05-25 13:50:08
727,86,4501.3,Transfer,Branch,USD,2025-04-01 11:42:08
728,66,5577.13,Transfer,ATM,USD,2025-05-13 17:26:08
729,51,3514.15,Credit,Branch,USD,2025-04-03 18:10:08
730,125,6733.56,Wire,ATM,USD,2025-04-22 07:30:08
731,38,2868.8,Credit,Branch,USD,2025-05-18 13:54:08
732,104,6125.04,Debit,ATM,ILS,2025-05-20 04:22:08
733,82,2286.04,Transfer,Branch,EUR,2025-04-23 23:59:08
734,114,3957.58,Transfer,Mobile,USD,2025-05-21 09:34:08
735,6,1842.94,Credit,Online,EUR,2025-04-07 22:50:08
736,21,9404.67,Credit,Online,USD,2025-04-15 15:03:08
737,122,960.06,Debit,ATM,USD,2025-04-02 02:21:08
738,22,7651.14,Debit,Branch,EUR,2025-05-10 09:59:08
739,100,847.69,Transfer,Online,ILS,2025-04-06 20:32:08
740,33,2845.33,Credit,Online,ILS,2025-05-29 20:37:08
741,84,6637.17,Wire,Mobile,EUR,2025-03-26 22:07:08
742,114,2727.78,Credit,Online,EUR,2025-06-16 19:33:08
743,145,4568.15,Wire,Branch,USD,2025-05-17 02:46:08
744,23,5398.98,Wire,Branch,USD,2025-05-06 13:31:08
745,78,2601.77,Debit,ATM,EUR,2025-04-30 05:48:08
746,35,7584.14,Transfer,Branch,USD,2025-06-05 22:33:08
747,126,88.13,Wire,Branch,ILS,2025-05-11 10:16:08
748,75,4307.2,Credit,ATM,EUR,2025-06-01 10:24:08
749,144,1889.77,Wire,Mobile,ILS,2025-04-26 17:34:08
750,100,7150.81,Wire,Online,USD,2025-04-07 14:00:08
751,62,4225.28,Transfer,Branch,EUR,2025-03-30 22:22:08
752,69,5321.78,Wire,Online,ILS,2025-05-30 08:16:08
753,29,1370.56,Wire,Mobile,USD,2025-04-09 07:48:08
754,49,6229.42,Transfer,ATM,ILS,2025-05-26 11:32:08
755,6,9697.31,Credit,ATM,USD,2025-03-28 05:45:08
756,113,1254.77,Debit,Online,ILS,2025-04-17 05:23:08
757,56,152.17,Transfer,Mobile,USD,2025-04-06 10:30:08
758,96,7995.63,Wire,ATM,USD,2025-06-03 05:46:08
759,38,8436.25,Debit,Branch,USD,2025-03-31 00:35:08
760,47,5434.2,Credit,Branch,USD,2025-03-30 05:16:08
761,64,131.09,Wire,Mobile,ILS,2025-06-07 02:40:08
762,51,9945.38,Wire,ATM,EUR,2025-05-29 20:41:08
763,122,9821.25,Wire,Branch,USD,2025-05-23 08:14:08
764,11,6293.5,Debit,Branch,USD,2025-04-07 03:49:08
765,93,2991.64,Debit,Online,ILS,2025-05-20 20:12:08
766,84,6330.93,Debit,Online,USD,2025-04-14 04:48:08
767,63,1200.9,Debit,ATM,EUR,2025-05-15 22:37:08
768,40,6909.06,Transfer,ATM,ILS,2025-06-03 00:51:08
769,87,5001.69,Debit,ATM,USD,2025-04-07 01:49:08
770,138,1543.41,Debit,Online,USD,2025-05-21 09:25:08
771,143,3170.81,Transfer,Mobile,EUR,2025-04-13 21:37:08
772,97,218.42,Transfer,Online,USD,2025-04-10 06:52:08
773,113,399.69,Transfer,Mobile,ILS,2025-06-13 12:29:08
774,90,1870.33,Transfer,Mobile,USD,2025-05-14 07:18:08
775,142,8314.34,Credit,ATM,EUR,2025-06-10 16:46:08
776,68,4496.6,Transfer,Mobile,ILS,2025-04-06 19:59:08
777,98,6382.07,Credit,ATM,EUR,2025-06-02 08:21:08
778,62,3643.93,Transfer,ATM,EUR,2025-06-09 17:06:08
779,100,5391.87,Credit,Mobile,EUR,2025-06-19 18:08:08
780,83,6132.33,Wire,Branch,ILS,2025-04-06 18:02:08
781,18,5234.39,Debit,Online,ILS,2025-04-01 11:36:08
782,28,317.58,Wire,Online,ILS,2025-06-11 05:30:08
783,100,5712.27,Wire,Branch,ILS,2025-03-26 14:50:08
784,19,2211.12,Debit,Online,EUR,2025-04-26 01:38:08
785,21,9284.4,Wire,ATM,USD,2025-05-07 10:49:08
786,107,7436.06,Transfer,ATM,EUR,2025-05-13 12:20:08
787,19,5292.56,Transfer,ATM,ILS,2025-04-16 22:00:08
788,26,5197.26,Credit,Mobile,ILS,2025-06-19 03:46:08
789,64,5264.29,Credit,Mobile,EUR,2025-04-10 07:12:08
790,148,7664.0,Transfer,Mobile,EUR,2025-04-02 07:49:08
791,27,4273.61,Credit,Online,EUR,2025-05-23 06:34:08
792,41,5049.4,Wire,Branch,USD,2025-04-29 06:32:08
793,84,9914.67,Transfer,Mobile,EUR,2025-05-12 19:00:08
794,83,8262.42,Credit,Online,USD,2025-05-01 21:58:08
795,66,5504.64,Transfer,Mobile,USD,2025-06-01 10:02:08
796,9,3973.92,Transfer,ATM,EUR,2025-06-19 02:06:08
797,78,9934.15,Debit,Branch,ILS,2025-04-05 00:25:08
798,6,8557.93,Transfer,Online,ILS,2025-04-12 06:37:08
799,40,4606.4,Credit,Branch,USD,2025-03-27 03:46:08
800,60,5823.65,Transfer,Branch,ILS,2025-06-12 16:44:08
801,56,4000.98,Debit,Branch,USD,2025-05-14 15:34:08
802,148,4885.32,Debit,Branch,ILS,2025-04-08 11:02:08
803,98,8084.37,Debit,ATM,USD,2025-05-29 05:46:08
804,112,8798.53,Wire,ATM,ILS,2025-04-24 09:23:08
805,3,6529.53,Wire,ATM,USD,2025-05-30 18:39:08
806,139,416.62,Credit,Branch,EUR,2025-05-10 10:51:08
807,13,2211.87,Wire,Mobile,EUR,2025-05-26 05:37:08
808,57,5049.77,Wire,Branch,USD,2025-05-15 01:59:08
809,22,1326.23,Wire,ATM,EUR,2025-04-06 04:40:08
810,103,2629.27,Wire,Online,ILS,2025-04-29 01:22:08
811,125,5595.17,Wire,Online,EUR,2025-05-06 11:55:08
812,135,9970.8,Credit,Online,ILS,2025-05-18 18:59:08
813,83,7768.84,Debit,ATM,EUR,2025-04-16 22:58:08
814,90,4238.29,Credit,Branch,USD,2025-04-30 08:49:08
815,79,6555.82,Credit,Branch,EUR,2025-05-16 18:40:08
816,114,9901.64,Credit,Mobile,ILS,2025-06-06 12:06:08
817,52,8182.63,Transfer,Online,EUR,2025-06-15 20:18:08
818,14,862.72,Credit,Online,USD,2025-06-09 08:13:08
819,29,3436.0,Transfer,Mobile,USD,2025-03-24 23:20:08
820,138,3322.11,Credit,Online,EUR,2025-03-25 19:01:08
821,141,7504.8,Wire,Online,EUR,2025-05-10 08:25:08
822,97,6684.26,Debit,Branch,ILS,2025-05-26 07:47:08
823,70,2843.72,Debit,Mobile,EUR,2025-03-29 04:38:08
824,100,88.3,Transfer,Branch,ILS,2025-06-17 18:06:08
825,99,2928.49,Credit,Mobile,EUR,2025-03-25 11:00:08
826,81,7098.34,Wire,ATM,ILS,2025-06-20 14:46:08
827,118,5009.0,Debit,ATM,ILS,2025-04-10 19:46:08
828,86,5296.51,Wire,Mobile,EUR,2025-06-15 16:03:08
829,91,188.63,Transfer,Branch,ILS,2025-04-07 00:18:08
830,71,9785.99,Debit,Branch,USD,2025-06-20 18:20:08
831,8,9999.52,Transfer,Online,ILS,2025-06-12 18:26:08
832,36,8972.27,Debit,Mobile,EUR,2025-04-23 19:58:08
833,59,6781.56,Wire,Online,EUR,2025-06-19 03:48:08
834,80,4267.52,Transfer,Mobile,EUR,2025-04-06 15:01:08
835,36,2071.54,Credit,Online,USD,2025-04-04 17:11:08
836,135,7052.84,Credit,Mobile,ILS,2025-05-25 09:27:08
837,41,9330.63,Transfer,ATM,EUR,2025-05-22 10:53:08
838,31,9486.27,Credit,Branch,ILS,2025-05-11 05:36:08
839,82,299.69,Wire,Mobile,USD,2025-05-28 21:39:08
840,71,7457.37,Credit,Online,ILS,2025-05-03 01:05:08
841,69,1851.54,Credit,Online,ILS,2025-04-04 16:41:08
842,21,265.71,Wire,Online,EUR,2025-05-25 06:55:08
843,96,6049.09,Credit,Mobile,USD,2025-06-08 17:45:08
844,50,1379.44,Credit,ATM,USD,2025-05-05 20:28:08
845,70,9688.31,Wire,Online,EUR,2025-06-01 07:29:08
846,53,9882.49,Debit,Online,USD,2025-05-23 19:53:08
847,84,6172.51,Wire,Online,USD,2025-06-10 15:36:08
848,98,7763.27,Transfer,Mobile,EUR,2025-04-29 13:46:08
849,138,7425.97,Debit,ATM,USD,2025-06-17 04:54:08
850,11,8270.97,Credit,Mobile,EUR,2025-05-04 07:26:08
851,133,5579.22,Debit,Online,USD,2025-03-27 07:04:08
852,78,3983.41,Transfer,Mobile,ILS,2025-05-02 17:33:08
853,14,2947.73,Credit,Mobile,EUR,2025-05-01 04:12:08
854,129,908.96,Debit,Online,EUR,2025-05-03 20:04:08
855,140,8943.81,Credit,Mobile,USD,2025-06-17 02:04:08
856,46,4511.6,Wire,Online,USD,2025-04-22 03:56:08
857,42,2504.57,Debit,ATM,ILS,2025-03-31 22:20:08
858,93,4496.74,Debit,Mobile,EUR,2025-05-27 00:06:08
859,41,9752.04,Wire,Mobile,ILS,2025-06-03 17:26:08
860,86,1713.0,Credit,Online,ILS,2025-06-01 15:37:08
861,14,7692.72,Wire,Branch,USD,2025-04-09 00:04:08
862,115,7687.46,Transfer,Online,ILS,2025-05-29 04:23:08
863,52,1320.05,Debit,Branch,ILS,2025-06-13 12:13:08
864,128,4978.79,Debit,Mobile,ILS,2025-05-04 11:15:08
865,122,5890.68,Wire,Mobile,USD,2025-04-12 11:06:08
866,2,6014.16,Credit,Branch,EUR,2025-03-30 22:47:08
867,54,5577.7,Debit,Online,ILS,2025-05-19 22:36:08
868,10,6534.5,Credit,ATM,EUR,2025-03-28 17:37:08
869,77,8380.95,Transfer,ATM,ILS,2025-05-15 08:11:08
870,46,4172.48,Credit,Branch,EUR,2025-04-02 15:12:08
871,147,6916.68,Credit,Mobile,EUR,2025-05-22 21:08:08
872,10,3605.09,Debit,Branch,USD,2025-05-15 10:06:08
873,18,8975.81,Wire,ATM,USD,2025-04-26 06:29:08
874,71,1349.79,Transfer,Mobile,EUR,2025-05-05 13:50:08
875,15,6959.82,Debit,ATM,USD,2025-04-11 19:44:08
876,74,6888.1,Wire,Branch,USD,2025-05-28 15:05:08
877,91,5753.55,Credit,Mobile,EUR,2025-05-10 13:04:08
878,127,6320.42,Credit,Online,EUR,2025-05-29 02:15:08
879,1,9792.68,Debit,ATM,USD,2025-04-19 03:54:08
880,54,7968.34,Wire,Mobile,ILS,2025-05-19 15:40:08
881,55,3499.75,Debit,Online,EUR,2025-04-23 02:30:08
882,18,2547.9,Transfer,Branch,EUR,2025-04-18 08:33:08
883,2,3242.62,Debit,Branch,USD,2025-05-12 18:48:08
884,8,7245.34,Credit,Online,USD,2025-04-28 18:30:08
885,123,3382.68,Wire,ATM,EUR,2025-06-07 14:51:08
886,118,4817.55,Transfer,Mobile,USD,2025-04-05 01:53:08
887,134,7427.13,Transfer,Branch,EUR,2025-06-16 04:07:08
888,148,192.09,Transfer,Branch,ILS,2025-05-11 11:59:08
889,8,1497.3,Transfer,Mobile,EUR,2025-06-19 23:29:08
890,147,8424.85,Wire,Online,EUR,2025-05-11 08:28:08
891,79,8646.61,Transfer,ATM,USD,2025-04-03 08:35:08
892,61,872.54,Transfer,Mobile,USD,2025-04-30 09:26:08
893,45,5253.38,Debit,Branch,ILS,2025-04-12 09:29:08
894,24,2024.97,Wire,ATM,USD,2025-06-02 12:26:08
895,49,5003.04,Transfer,Mobile,EUR,2025-06-14 02:14:08
896,84,5238.66,Credit,ATM,EUR,2025-06-11 06:21:08
897,53,9927.24,Debit,Mobile,USD,2025-05-24 07:38:08
898,30,8648.78,Debit,Branch,ILS,2025-05-27 16:23:08
899,23,8482.0,Transfer,Mobile,ILS,2025-05-25 06:13:08
900,80,5208.17,Debit,Branch,EUR,2025-04-02 02:33:08
901,52,2102.41,Credit,Branch,USD,2025-06-12 22:13:08
902,113,3194.9,Debit,Branch,ILS,2025-05-11 04:06:08
903,4,2740.0,Debit,Online,EUR,2025-04-07 01:23:08
904,70,5495.91,Credit,Branch,EUR,2025-04-24 14:36:08
905,80,1716.89,Transfer,Mobile,ILS,2025-04-15 00:09:08
906,13,294.78,Debit,Mobile,ILS,2025-04-04 13:29:08
907,46,4267.53,Wire,Branch,USD,2025-03-31 13:27:08
908,137,8175.33,Debit,Mobile,EUR,2025-04-22 23:19:08
909,120,933.7,Debit,Mobile,USD,2025-04-04 17:14:08
910,120,6445.96,Wire,Online,ILS,2025-05-25 00:35:08
911,67,8611.66,Transfer,Mobile,ILS,2025-04-05 19:17:08
912,85,9173.06,Transfer,Mobile,USD,2025-05-26 09:39:08
913,29,658.33,Transfer,Mobile,USD,2025-03-26 11:26:08
914,90,1712.16,Credit,ATM,USD,2025-06-08 16:56:08
915,28,7144.16,Transfer,ATM,USD,2025-06-06 03:18:08
916,106,4612.44,Credit,Online,EUR,2025-05-11 05:08:08
917,99,9739.05,Debit,Branch,ILS,2025-04-07 04:43:08
918,111,6942.13,Wire,Branch,EUR,2025-06-05 19:21:08
919,20,2365.36,Wire,ATM,EUR,2025-05-25 21:41:08
920,143,4631.77,Debit,Mobile,ILS,2025-05-16 23:28:08
921,18,9559.06,Debit,Mobile,USD,2025-04-20 18:14:08
922,16,6451.67,Debit,Online,ILS,2025-05-07 17:08:08
923,1,5809.78,Credit,Online,USD,2025-06-12 11:35:08
924,148,2918.58,Wire,Online,ILS,2025-05-11 01:52:08
925,77,8774.87,Transfer,Mobile,EUR,2025-05-24 18:07:08
926,23,9151.6,Debit,Mobile,ILS,2025-06-21 03:48:08
927,95,2945.38,Debit,ATM,EUR,2025-06-09 07:39:08
928,92,8208.43,Debit,Branch,ILS,2025-05-13 16:44:08
929,101,4320.0,Transfer,Mobile,USD,2025-04-14 03:13:08
930,55,4354.72,Credit,Mobile,ILS,2025-04-27 10:52:08
931,93,5556.44,Wire,Online,USD,2025-04-09 20:31:08
932,35,6702.31,Debit,ATM,EUR,2025-06-11 03:51:08
933,125,1444.24,Wire,Online,ILS,2025-03-25 03:38:08
934,107,6424.22,Wire,Mobile,EUR,2025-04-05 05:05:08
935,109,4546.67,Wire,Mobile,USD,2025-04-09 02:06:08
936,2,1861.98,Wire,Online,EUR,2025-04-13 06:28:08
937,140,2696.16,Transfer,ATM,ILS,2025-05-08 09:22:08
938,95,4835.26,Debit,Mobile,EUR,2025-05-14 10:28:08
939,135,1425.16,Transfer,Mobile,EUR,2025-03-31 00:14:08
940,23,5235.95,Credit,Mobile,EUR,2025-03-30 20:14:08
941,20,6639.05,Transfer,ATM,USD,2025-05-30 05:34:08
942,121,7786.38,Wire,Mobile,EUR,2025-05-11 10:07:08
943,91,3318.48,Transfer,Branch,ILS,2025-05-29 12:22:08
944,78,6952.04,Transfer,ATM,EUR,2025-03-26 22:30:08
945,147,5783.52,Debit,Branch,EUR,2025-05-05 18:58:08
946,125,277.84,Debit,Online,EUR,2025-05-19 13:10:08
947,72,8515.2,Transfer,Online,EUR,2025-03-30 17:14:08
948,66,2755.8,Debit,ATM,EUR,2025-04-18 07:07:08
949,39,9101.76,Wire,Branch,ILS,2025-04-08 14:46:08
950,61,7826.36,Wire,Online,EUR,2025-04-16 12:02:08
951,22,335.74,Credit,Online,USD,2025-06-10 04:25:08
952,99,9935.89,Credit,Mobile,EUR,2025-05-31 05:45:08
953,148,1677.0,Transfer,ATM,EUR,2025-05-20 18:08:08
954,30,7556.06,Debit,Online,USD,2025-04-16 18:54:08
955,122,4764.94,Credit,Mobile,EUR,2025-04-29 00:24:08
956,68,3903.75,Credit,Mobile,ILS,2025-05-26 22:45:08
957,115,9272.59,Wire,Branch,EUR,2025-04-19 00:12:08
958,25,9558.93,Transfer,Mobile,EUR,2025-05-24 21:05:08
959,70,6522.4,Transfer,Branch,USD,2025-06-15 06:49:08
960,150,987.28,Wire,Mobile,EUR,2025-06-04 18:01:08
961,50,2421.76,Transfer,Online,USD,2025-05-30 21:44:08
962,3,110.73,Debit,ATM,USD,2025-05-12 13:36:08
963,115,5255.02,Transfer,Online,EUR,2025-04-01 14:45:08
964,9,2522.7,Debit,ATM,ILS,2025-04-18 12:12:08
965,56,5943.42,Debit,ATM,ILS,2025-06-17 03:31:08
966,97,6048.83,Credit,ATM,EUR,2025-06-09 16:15:08
967,120,2537.09,Debit,Mobile,USD,2025-04-09 11:51:08
968,83,4272.7,Transfer,Online,ILS,2025-06-01 18:01:08
969,98,7772.17,Wire,Branch,ILS,2025-04-17 23:04:08
970,68,9556.28,Credit,Mobile,ILS,2025-04-16 05:27:08
971,52,9794.32,Wire,Online,EUR,2025-05-07 11:30:08
972,139,1088.76,Wire,Online,EUR,2025-05-07 12:14:08
973,114,1066.97,Transfer,ATM,ILS,2025-05-21 06:43:08
974,65,708.77,Wire,ATM,USD,2025-03-30 08:37:08
975,1,6530.39,Debit,Mobile,USD,2025-04-06 06:30:08
976,101,7002.05,Debit,Mobile,USD,2025-04-06 12:31:08
977,18,4042.11,Credit,ATM,USD,2025-05-02 09:54:08
978,124,6894.17,Debit,Branch,USD,2025-06-18 13:43:08
979,15,3031.77,Debit,Branch,EUR,2025-05-24 18:49:08
980,21,9609.45,Wire,Branch,EUR,2025-06-09 09:29:08
981,11,1770.3,Wire,Online,USD,2025-04-11 05:03:08
982,28,3904.1,Transfer,Mobile,ILS,2025-05-26 01:30:08
983,49,6329.75,Credit,ATM,ILS,2025-06-12 07:06:08
984,62,7198.79,Wire,Mobile,ILS,2025-03-26 00:44:08
985,79,5407.82,Wire,Mobile,ILS,2025-06-03 21:05:08
986,87,3396.15,Debit,Mobile,ILS,2025-03-27 02:15:08
987,134,8072.0,Wire,Online,EUR,2025-04-11 23:45:08
988,19,2333.69,Debit,Online,USD,2025-05-15 10:56:08
989,12,195.53,Credit,Online,ILS,2025-05-22 05:39:08
990,79,6328.45,Debit,Mobile,EUR,2025-04-08 09:37:08
991,17,8354.34,Debit,ATM,USD,2025-04-08 06:12:08
992,57,7992.76,Debit,Online,USD,2025-05-16 21:04:08
993,103,8116.15,Transfer,ATM,EUR,2025-04-23 10:16:08
994,83,5461.12,Credit,ATM,EUR,2025-05-15 03:33:08
995,31,3358.36,Transfer,Online,USD,2025-04-08 12:14:08
996,142,6964.48,Credit,Mobile,ILS,2025-04-08 00:26:08
997,35,5821.95,Debit,Mobile,ILS,2025-06-15 23:30:08
998,21,8796.87,Debit,ATM,ILS,2025-03-25 03:28:08
999,73,895.97,Wire,Mobile,EUR,2025-06-16 00:30:08
1000,70,2065.57,Wire,Mobile,ILS,2025-04-04 06:32:08
